{
  "main": {
    "id": "c8eaac8e2618c09f",
    "type": "split",
    "children": [
      {
        "id": "7c3b749df4eec336",
        "type": "tabs",
        "children": [
          {
            "id": "644632d77bd1ac6b",
            "type": "leaf",
            "state": {
              "type": "markdown",
              "state": {
                "file": "01 Knowledge/Piratería/Seedbox - Debrid.md",
                "mode": "source",
                "source": false
              },
              "icon": "lucide-file",
              "title": "Seedbox - Debrid"
            }
          },
          {
            "id": "2b8fc42f3ed45b6f",
            "type": "leaf",
            "state": {
              "type": "markdown",
              "state": {
                "file": "01 Knowledge/Software/Software.md",
                "mode": "source",
                "source": false
              },
              "icon": "lucide-file",
              "title": "Software"
            }
          }
        ],
        "currentTab": 1
      }
    ],
    "direction": "vertical"
  },
  "left": {
    "id": "35e3999582fc58c6",
    "type": "mobile-drawer",
    "children": [
      {
        "id": "6710fdfc7f06dff7",
        "type": "leaf",
        "state": {
          "type": "file-explorer",
          "state": {
            "sortOrder": "alphabetical",
            "autoReveal": false
          },
          "icon": "lucide-folder-closed",
          "title": "Files"
        }
      },
      {
        "id": "83f233312b4ad0c7",
        "type": "leaf",
        "state": {
          "type": "search",
          "state": {
            "query": "",
            "matchingCase": false,
            "explainSearch": false,
            "collapseAll": false,
            "extraContext": false,
            "sortOrder": "alphabetical"
          },
          "icon": "lucide-search",
          "title": "Search"
        }
      },
      {
        "id": "ea2ea5db3c642ce9",
        "type": "leaf",
        "state": {
          "type": "tag",
          "state": {
            "sortOrder": "frequency",
            "useHierarchy": true,
            "showSearch": false,
            "searchQuery": ""
          },
          "icon": "lucide-tags",
          "title": "Tags"
        }
      },
      {
        "id": "8047197ddc44e98c",
        "type": "leaf",
        "state": {
          "type": "bookmarks",
          "state": {},
          "icon": "lucide-bookmark",
          "title": "Bookmarks"
        }
      },
      {
        "id": "cd2147a3322d311c",
        "type": "leaf",
        "state": {
          "type": "notebook-navigator-react-view",
          "state": {},
          "icon": "notebook",
          "title": "Notebook Navigator"
        }
      }
    ],
    "currentTab": 0
  },
  "right": {
    "id": "94818f18ba6425e3",
    "type": "mobile-drawer",
    "children": [
      {
        "id": "4fb8f41424802e79",
        "type": "leaf",
        "state": {
          "type": "backlink",
          "state": {
            "file": "01 Knowledge/Tech/Android.md",
            "collapseAll": false,
            "extraContext": false,
            "sortOrder": "alphabetical",
            "showSearch": false,
            "searchQuery": "",
            "backlinkCollapsed": false,
            "unlinkedCollapsed": true
          },
          "icon": "links-coming-in",
          "title": "Backlinks"
        }
      },
      {
        "id": "4eb0b030f3f7c4c2",
        "type": "leaf",
        "state": {
          "type": "outgoing-link",
          "state": {
            "file": "01 Knowledge/Tech/Android.md",
            "linksCollapsed": false,
            "unlinkedCollapsed": true
          },
          "icon": "links-going-out",
          "title": "Outgoing links"
        }
      },
      {
        "id": "b233f754ad27ed39",
        "type": "leaf",
        "state": {
          "type": "outline",
          "state": {
            "file": "01 Knowledge/Tech/Android.md",
            "followCursor": false,
            "showSearch": false,
            "searchQuery": ""
          },
          "icon": "lucide-list",
          "title": "Outline"
        }
      }
    ],
    "currentTab": 0
  },
  "left-ribbon": {
    "hiddenItems": {
      "obsidian42-brat:BRAT": false,
      "notebook-navigator:Notebook Navigator": false,
      "obsidian-rich-links:Rich Links": false,
      "switcher:Open quick switcher": false,
      "graph:Open graph view": false,
      "canvas:Create new canvas": false,
      "daily-notes:Open today's daily note": false,
      "templates:Insert template": false,
      "command-palette:Open command palette": false,
      "bases:Create new base": false
    }
  },
  "active": "6710fdfc7f06dff7",
  "lastOpenFiles": [
    "01 Knowledge/Herramientas/Herramientas.md",
    "01 Knowledge/Motion Graphics/Motion Graphics.md",
    "01 Knowledge/Programación/Programación.md",
    "01 Knowledge/Religión/Religión.md",
    "01 Knowledge/Software/Software.md",
    "01 Knowledge/Piratería/Seedbox - Debrid.md",
    "01 Knowledge/Piratería/Telegram.md",
    "01 Knowledge/Piratería/Stremio.md",
    "Setup/Adjuntos/developer-tools.md",
    "01 Knowledge/Tech/Android.md"
  ]
}